{
  "meta": {
    "source": "UEyes dataset (Jiang et al., CHI 2023; Zenodo 8010312)",
    "categories_included": [
      "desktop",
      "mobile",
      "web"
    ],
    "categories_excluded": [
      "poster"
    ],
    "num_images": 12,
    "category_counts": {
      "desktop": 4,
      "mobile": 4,
      "web": 4
    },
    "includes_saliency": true,
    "is_subsample": true
  },
  "features": {
    "shannon_entropy": {
      "n": 12,
      "mean": 3.955626259247462,
      "std": 1.9096601393859147,
      "min": 0.988863468170166,
      "max": 6.925361156463623,
      "p5": 1.0705257296562194,
      "p25": 3.164432317018509,
      "p50": 4.087311148643494,
      "p75": 5.21632993221283,
      "p95": 6.338754582405089
    },
    "edge_density": {
      "n": 12,
      "mean": 0.02818942712196695,
      "std": 0.016962559787231938,
      "min": 0.004184992283950618,
      "max": 0.06831983024691358,
      "p5": 0.009281624308472711,
      "p25": 0.01800008174941297,
      "p50": 0.026944002470107767,
      "p75": 0.03079736328125,
      "p95": 0.05819904513888888
    },
    "feature_congestion": {
      "n": 12,
      "mean": 3.892355213803473,
      "std": 1.2260740391544283,
      "min": 1.8880493889109546,
      "max": 6.217920399878394,
      "p5": 2.346883169862793,
      "p25": 3.115790094164484,
      "p50": 3.7846043965632283,
      "p75": 4.487159926776708,
      "p95": 5.844325859123256
    },
    "subband_entropy": {
      "n": 12,
      "mean": 2.6369897752258846,
      "std": 0.7355371394000086,
      "min": 0.9368988391151325,
      "max": 3.6773782159614816,
      "p5": 1.513305102663298,
      "p25": 2.204544104000716,
      "p50": 2.7656191673668773,
      "p75": 3.043518797933944,
      "p95": 3.54052925019673
    },
    "layout_symmetry": {
      "n": 12,
      "mean": 0.36879270389876195,
      "std": 0.25603963724577294,
      "min": 0.041977429622401974,
      "max": 0.7860086522194139,
      "p5": 0.07289378865403048,
      "p25": 0.1481905380640966,
      "p50": 0.32660647886022887,
      "p75": 0.5340668640708157,
      "p95": 0.7853208807541754
    },
    "chromatic_coherence": {
      "n": 12,
      "mean": 0.36751880046391233,
      "std": 0.14393124352068165,
      "min": 0.16033714087687834,
      "max": 0.6804939528032452,
      "p5": 0.16490704713599047,
      "p25": 0.2711445250033953,
      "p50": 0.3742331541405685,
      "p75": 0.44476607960611214,
      "p95": 0.5600361648384977
    },
    "visual_hierarchy": {
      "n": 12,
      "mean": 0.6811060193009472,
      "std": 0.1550946206533413,
      "min": 0.3778015607946786,
      "max": 0.8740601039169589,
      "p5": 0.4007507831643981,
      "p25": 0.6318013841142637,
      "p50": 0.7082767788914819,
      "p75": 0.799725616771399,
      "p95": 0.8442801133660086
    },
    "interactive_element_density": {
      "n": 12,
      "mean": 0.36005919217152077,
      "std": 0.3121405826220383,
      "min": 0.038580246913580245,
      "max": 0.9837962962962963,
      "p5": 0.045195295284847024,
      "p25": 0.13690714236226817,
      "p50": 0.27354439503518374,
      "p75": 0.4736328125,
      "p95": 0.9519675925925924
    },
    "saliency_dispersion": {
      "n": 12,
      "mean": 0.4132875695611715,
      "std": 0.06015494328199703,
      "min": 0.3329837874802009,
      "max": 0.5141926482571967,
      "p5": 0.33332486191515964,
      "p25": 0.37595861975667416,
      "p50": 0.4064620997715316,
      "p75": 0.4512455627769553,
      "p95": 0.5040802467272825
    },
    "saliency_peak_count": {
      "n": 12,
      "mean": 6.083333333333333,
      "std": 2.314316444667973,
      "min": 2.0,
      "max": 9.0,
      "p5": 2.55,
      "p25": 4.75,
      "p50": 6.0,
      "p75": 7.5,
      "p95": 9.0
    },
    "saliency_center_bias": {
      "n": 12,
      "mean": 0.3617197048653924,
      "std": 0.15933241788288116,
      "min": 0.037157580847755646,
      "max": 0.634879349278481,
      "p5": 0.14084166029764733,
      "p25": 0.28012964700103815,
      "p50": 0.3477468229480538,
      "p75": 0.42303915075520376,
      "p95": 0.6127595535651098
    },
    "saliency_entropy": {
      "n": 12,
      "mean": 0.5761408809269175,
      "std": 0.14064571423323827,
      "min": 0.2960522101903843,
      "max": 0.8373622442999424,
      "p5": 0.3670378062621654,
      "p25": 0.5332326824937423,
      "p50": 0.5873726009255527,
      "p75": 0.6262122097154684,
      "p95": 0.7708451356873718
    },
    "saliency_coverage": {
      "n": 12,
      "mean": 0.05523586717250022,
      "std": 0.02983814355146893,
      "min": 0.015501060956790123,
      "max": 0.1181076388888889,
      "p5": 0.021071757888190035,
      "p25": 0.03245203994633276,
      "p50": 0.050970377604166665,
      "p75": 0.07560309063946759,
      "p95": 0.09952073688271602
    }
  }
}