{
  "hard_edged": {
    "raw_features": {
      "shannon_entropy": {
        "by_scale": {
          "1": 0.7666645646095276,
          "2": 0.7493678331375122,
          "3": 0.7487308979034424
        },
        "abs_gap": 0.017933666706085205,
        "rel_gap": 0.023755683528420557,
        "hceye_mapped": false,
        "pixel_scale_driver": false
      },
      "edge_density": {
        "by_scale": {
          "1": 0.0027907019343493553,
          "2": 0.0027806271981242674,
          "3": 0.002773300117233294
        },
        "abs_gap": 1.7401817116061234e-05,
        "rel_gap": 0.006256173855778828,
        "hceye_mapped": true,
        "pixel_scale_driver": true
      },
      "feature_congestion": {
        "by_scale": {
          "1": 3.539143980238321,
          "2": 3.555337430771326,
          "3": 3.547586751711107
        },
        "abs_gap": 0.016193450533005027,
        "rel_gap": 0.004564935203966502,
        "hceye_mapped": true,
        "pixel_scale_driver": true
      },
      "subband_entropy": {
        "by_scale": {
          "1": 1.282803212359534,
          "2": 1.3226102140963039,
          "3": 1.2906417494043294
        },
        "abs_gap": 0.039807001736769765,
        "rel_gap": 0.030651774633541636,
        "hceye_mapped": false,
        "pixel_scale_driver": false
      },
      "layout_symmetry": {
        "by_scale": {
          "1": 0.08015547933423284,
          "2": 0.07702104260535397,
          "3": 0.07609961536744939
        },
        "abs_gap": 0.004055863966783452,
        "rel_gap": 0.052159608097143116,
        "hceye_mapped": true,
        "pixel_scale_driver": false
      },
      "chromatic_coherence": {
        "by_scale": {
          "1": 0.340931819011018,
          "2": 0.33950343632606245,
          "3": 0.3389941519152845
        },
        "abs_gap": 0.0019376670957335085,
        "rel_gap": 0.0057022107130184916,
        "hceye_mapped": false,
        "pixel_scale_driver": false
      },
      "visual_hierarchy": {
        "by_scale": {
          "1": 0.9476924274618992,
          "2": 0.948221809056272,
          "3": 0.9483926216295429
        },
        "abs_gap": 0.000700194167643664,
        "rel_gap": 0.0007385217586188803,
        "hceye_mapped": true,
        "pixel_scale_driver": false
      },
      "interactive_element_density": {
        "by_scale": {
          "1": 0.04579425556858148,
          "2": 0.04579425556858148,
          "3": 0.04579425556858148
        },
        "abs_gap": 0.0,
        "rel_gap": 0.0,
        "hceye_mapped": true,
        "pixel_scale_driver": true
      }
    },
    "normalized_hceye_inputs": {
      "edge_density": {
        "by_scale": {
          "1": 0.007334553232855307,
          "2": 0.007273062209192006,
          "3": 0.007228341464709603
        },
        "abs_gap": 0.00010621176814570345,
        "rel_gap": 0.01459222995345406
      },
      "feature_congestion": {
        "by_scale": {
          "1": 0.4000314900585128,
          "2": 0.404301281279697,
          "3": 0.40225762904251083
        },
        "abs_gap": 0.004269791221184205,
        "rel_gap": 0.01061617402186427
      },
      "interactive_element_density": {
        "by_scale": {
          "1": 0.12524586854231304,
          "2": 0.12524586854231304,
          "3": 0.12524586854231304
        },
        "abs_gap": 0.0,
        "rel_gap": 0.0
      },
      "layout_symmetry": {
        "by_scale": {
          "1": 0.09531927081726325,
          "2": 0.09022208841124751,
          "3": 0.08872367478490169
        },
        "abs_gap": 0.006595596032361567,
        "rel_gap": 0.07214477109071463
      },
      "visual_hierarchy": {
        "by_scale": {
          "1": 1.0,
          "2": 1.0,
          "3": 1.0
        },
        "abs_gap": 0.0,
        "rel_gap": 0.0
      }
    },
    "endpoint_load_index": {
      "by_scale": {
        "1": 0.23557794094085693,
        "2": 0.23803481459617615,
        "3": 0.23688164353370667
      },
      "abs_gap": 0.002456873655319214,
      "rel_gap": 0.010373932539929555
    }
  },
  "text_lines": {
    "raw_features": {
      "shannon_entropy": {
        "by_scale": {
          "1": 0.6865073442459106,
          "2": 0.5660480260848999,
          "3": 0.5468431711196899
        },
        "abs_gap": 0.1396641731262207,
        "rel_gap": 0.23285142770034203,
        "hceye_mapped": false,
        "pixel_scale_driver": false
      },
      "edge_density": {
        "by_scale": {
          "1": 0.026763078839390386,
          "2": 0.026732854630715123,
          "3": 0.02674934056271981
        },
        "abs_gap": 3.0224208675263403e-05,
        "rel_gap": 0.001129943502824845,
        "hceye_mapped": true,
        "pixel_scale_driver": true
      },
      "feature_congestion": {
        "by_scale": {
          "1": 17.912077548632602,
          "2": 18.50895327068144,
          "3": 18.71692891265282
        },
        "abs_gap": 0.804851364020216,
        "rel_gap": 0.04379113960324474,
        "hceye_mapped": true,
        "pixel_scale_driver": true
      },
      "subband_entropy": {
        "by_scale": {
          "1": 2.5986131965045547,
          "2": 2.594310094473034,
          "3": 2.5540000734786203
        },
        "abs_gap": 0.04461312302593434,
        "rel_gap": 0.017276454507330445,
        "hceye_mapped": false,
        "pixel_scale_driver": false
      },
      "layout_symmetry": {
        "by_scale": {
          "1": 0.252539129167352,
          "2": 0.2564853224756455,
          "3": 0.25716821900929804
        },
        "abs_gap": 0.0046290898419460436,
        "rel_gap": 0.01812503572243161,
        "hceye_mapped": true,
        "pixel_scale_driver": false
      },
      "chromatic_coherence": {
        "by_scale": {
          "1": 0.13259910900185323,
          "2": 0.12177064053717375,
          "3": 0.11722445943769491
        },
        "abs_gap": 0.015374649564158321,
        "rel_gap": 0.1241245088815804,
        "hceye_mapped": false,
        "pixel_scale_driver": false
      },
      "visual_hierarchy": {
        "by_scale": {
          "1": 0.6490976735799829,
          "2": 0.8008593473780681,
          "3": 0.766323667692458
        },
        "abs_gap": 0.15176167379808514,
        "rel_gap": 0.20542750912632732,
        "hceye_mapped": true,
        "pixel_scale_driver": false
      },
      "interactive_element_density": {
        "by_scale": {
          "1": 0.009158851113716296,
          "2": 0.009158851113716296,
          "3": 0.009158851113716296
        },
        "abs_gap": 0.0,
        "rel_gap": 0.0,
        "hceye_mapped": true,
        "pixel_scale_driver": true
      }
    },
    "normalized_hceye_inputs": {
      "edge_density": {
        "by_scale": {
          "1": 0.39240748157106387,
          "2": 0.3918177289271432,
          "3": 0.3921394121874636
        },
        "abs_gap": 0.000589752643920638,
        "rel_gap": 0.001504004708780389
      },
      "feature_congestion": {
        "by_scale": {
          "1": 1.0,
          "2": 1.0,
          "3": 1.0
        },
        "abs_gap": 0.0,
        "rel_gap": 0.0
      },
      "interactive_element_density": {
        "by_scale": {
          "1": 0.03155282176087376,
          "2": 0.03155282176087376,
          "3": 0.03155282176087376
        },
        "abs_gap": 0.0,
        "rel_gap": 0.0
      },
      "layout_symmetry": {
        "by_scale": {
          "1": 0.4120335099163828,
          "2": 0.42030912383787844,
          "3": 0.4217412351459988
        },
        "abs_gap": 0.009707725229615993,
        "rel_gap": 0.023222669879636424
      },
      "visual_hierarchy": {
        "by_scale": {
          "1": 0.8638783037746203,
          "2": 1.0,
          "3": 0.98321792115742
        },
        "abs_gap": 0.13612169622537973,
        "rel_gap": 0.14343213450254452
      }
    },
    "endpoint_load_index": {
      "by_scale": {
        "1": 0.5228722095489502,
        "2": 0.5209764242172241,